date,return_GRG.L,return_NXT.L,return_JD.L,return_DOM.L,return_JDW.L,return_BME.L,return_MKS.L,trends_GRG.L,trends_NXT.L,trends_JD.L,trends_DOM.L,trends_JDW.L,trends_BME.L,trends_MKS.L,Total_Container_Imports
2021-09-30,-0.030852588178219675,0.03817940697498212,0.03863299864763303,-0.03694683910982233,-0.06289297962894547,0.056529375097534196,0.022284106219083943,71,84,56,76,87,78,64,35476.688
2021-10-31,0.03629566844694865,-0.029955890047788092,0.037672878218145245,-0.023220800782885243,-0.019175497458336133,0.07213034052326783,0.0005450814282443872,79,87,54,85,89,79,70,35368.736
2021-11-30,-0.018330566939655624,-0.013055626806749876,0.024356532021451605,-0.07235131299819508,-0.16177906523462426,-0.020447191801735154,0.2864922879700982,80,100,83,81,78,89,85,35368.736
2021-12-31,0.1127042549485362,0.036631851318768005,-0.022880063168801312,0.2779944224696109,0.12069961814734698,0.02265575454703761,-0.020321861845071676,78,94,100,100,75,92,100,35368.736
2022-01-31,-0.2004795280792896,-0.0798158907245129,-0.1365931160725784,-0.15736696960680852,-0.07180009664257592,-0.10693987681997275,-0.05877262225219548,70,64,44,76,64,65,55,35239.829
2022-02-28,-0.03485731157467342,-0.08482269527596287,-0.19702219231390516,-0.05587170443134415,-0.01793729984955217,0.0692335485132407,-0.19742870534307666,83,74,38,80,76,64,49,35239.829
2022-03-31,-0.044116568796583544,-0.12095596437736378,-0.018212011579472165,0.037260170200725806,-0.1078767695004813,-0.11760810171299374,-0.11498867104968569,70,75,39,69,72,72,55,35239.829
2022-04-30,-0.04510362441010041,-0.0009947142581763213,-0.10016850574582459,-0.08171765709489498,-0.05886115267996084,-0.0823662635472393,-0.10956696832440782,72,75,43,76,83,80,56,37557.894
2022-05-31,-0.03640774729092677,0.07500842872020996,-0.0805846539913252,-0.03222085527027396,0.014955875977533672,-0.2050183838947951,0.08784050318613335,69,82,48,65,73,79,53,37557.894
2022-06-30,-0.20141344187074117,-0.09539976875583,-0.059111417362842755,-0.1700356022381042,-0.16409918109789245,-0.05873970443485976,-0.09576256365057023,72,78,51,71,80,82,54,37557.894
2022-07-31,0.12831856701877165,0.16167363931549272,0.12264999893516237,0.022922553599600715,-0.10817306986630615,0.15707660936778423,0.04391154856030366,74,79,52,77,80,88,54,36025.25
2022-08-31,-0.0955881612742715,-0.1460475369405937,-0.1281357918080145,-0.1735755545977692,-0.13387237662010065,-0.12821106904844826,-0.13821141150344118,94,79,52,72,85,80,52,36025.25
2022-09-30,-0.07201515995650298,-0.173950408028976,-0.11288177290637424,-0.05677971501517687,-0.16058084297759678,-0.17247909648424453,-0.19048408493253244,89,81,46,78,92,81,54,36025.25
2022-10-31,0.17873835629054802,0.02666096306083654,-0.027544829357548983,0.016172423652953016,0.11468115002300339,0.05390380217461388,0.06911230919422962,84,74,47,74,77,84,57,33923.434
2022-11-30,0.1476708007098977,0.18482438462538675,0.2936166839691712,0.2652520445843496,-0.016851499750510368,0.2689184814742007,0.14265406553138194,89,83,68,74,70,91,69,33923.434
2022-12-31,0.012953536594569437,-0.005709520465909446,0.0008034864652188833,0.025157211211667585,0.0018043514305088326,0.0048863472300220145,0.022812101415451425,94,91,86,89,74,98,94,33923.434
2023-01-31,0.1483375026324052,0.13985537396384484,0.290130907312415,0.0702112918218083,0.022512292406801748,0.08898190357845892,0.18248165875457478,79,56,39,66,72,67,50,32738.304
2023-02-28,0.006681582785503126,0.03384708199235975,0.11274963764357548,-0.08789801787402918,0.23844116106976077,0.09850333794453348,0.09739377500096835,82,62,38,68,70,63,44,32738.304
2023-03-31,0.022861248578726734,-0.039462148098381666,-0.018498086866928998,0.0006982522563536708,0.2711111419882881,-0.019723459814919964,0.04374989506268001,79,68,38,64,70,61,50,32738.304
2023-04-30,0.016019409304936172,0.025562900361661978,-0.09395216302223452,0.026764402828086675,-0.0027972688476396446,-0.00497807901655134,-0.01586821525604387,78,73,44,68,74,81,49,35192.512
2023-05-31,-0.04684167195173905,-0.058456771970107124,-0.0561937441041106,-0.05098590016217197,0.02875177027153053,0.06274741363478697,0.08670520445948204,77,76,44,57,67,80,51,35192.512
2023-06-30,-0.04914382431962072,0.0872988546916511,-0.03947370403082173,-0.011461111708792604,-0.08316284584901268,0.0927628634138673,0.07894739540922546,79,69,47,54,71,79,48,35192.512
2023-07-31,0.08144091137903109,0.021655099324236815,0.08018666320955337,0.25869552148550823,0.005204379418227045,-0.006822213815191658,0.07057602030543375,83,61,45,55,70,66,48,33791.411
2023-08-31,-0.10716858990458056,-0.008513011515874358,-0.07894720286153678,0.13710624810011152,0.06952660156402435,0.04410697864034008,0.09936995248378078,80,58,45,51,79,72,49,33791.411
2023-09-30,-0.007234379463318397,0.04407544689064813,0.030636840100356055,-0.0470886096315547,-0.0435683778224375,0.015235443716267616,0.043209810489639455,80,63,41,57,70,70,50,33791.411
2023-10-31,-0.03186279183606311,-0.056469256601200946,-0.14829665438342166,-0.08873533517773136,-0.0860448959069735,-0.09822639129584876,-0.08368554898676983,85,64,40,57,61,71,51,31407.608
2023-11-30,0.03628700389695716,0.1519465966018021,0.2317648113013122,0.07813394410779462,0.08544312816928157,0.08482058116805269,0.16010083839321787,96,84,59,56,63,88,66,31407.608
2023-12-31,0.05944622959857426,0.0237905540346377,0.0566885225762761,0.018929290400513388,0.18148682207802613,-0.023361152607217273,0.08310154593978392,98,73,67,63,77,92,85,31407.608
2024-01-31,0.026902395489287745,0.0431140163397743,-0.29466705320806064,-0.06740971885141656,0.03639729840699424,-0.07391809417750261,-0.0921440326059122,82,52,33,49,64,60,44,32243.315
2024-02-29,0.008982034832711205,-0.018185918608873308,0.007261964311142455,-0.04097900962082235,-0.09761902771543474,0.013883442883513952,-0.0424585138319733,87,47,29,65,62,59,42,32243.315
2024-03-31,0.0660237460010098,0.11041590893221098,0.14079721775658327,0.02255196542610416,-0.029683453612947885,0.038037331286827625,0.11951002124961785,96,56,32,57,70,71,46,32243.315
2024-04-30,-0.05189880070195185,-0.024263193025192198,-0.14052047267416334,-0.05435963403098987,-0.0149557099385772,-0.04910213755861759,-0.03508103560030029,83,56,33,54,65,72,42,34896.946
2024-05-31,0.0792951929078709,0.03663395287195503,0.1029411551119166,0.022099349607126006,0.05728086434814217,0.0493253172855308,0.18068786299997175,83,64,37,50,65,77,45,34896.946
2024-06-30,-0.05714287376384519,-0.03234104558366657,-0.06269994168822568,-0.07867862049707453,-0.04438651372126723,-0.197038389369519,-0.05132460036798614,81,58,44,51,72,69,43,34896.946
2024-07-31,0.1305916593362233,0.004360954986300181,0.1012553998490604,0.0560626170559988,0.0198088162157537,0.07067688515525195,0.1458987983661717,86,53,41,50,88,68,40,34460.133
2024-08-31,0.01595401322461254,0.12023374257237229,0.04825218198906844,-0.056062318304120895,0.016744816067053137,-0.0493484248431425,0.042339394250440865,91,55,38,50,75,72,47,34460.133
2024-09-30,-0.018785364905122393,-0.03767844484175231,0.1167088456902714,-0.016350558401279636,-0.023056614644830775,-0.06696622258919427,0.0888369015439332,88,62,32,51,76,72,47,34460.133
2024-10-31,-0.12227917318053028,0.0008178580968751792,-0.19506647263746346,0.0013299133530531027,-0.17180793551845697,-0.06647405673137718,0.008588338370832282,91,59,29,48,64,70,45,35355.386999999995
2024-11-30,-0.01458782010621329,0.02962195566373782,-0.17901025133188908,0.13014593594816493,0.045602588697635005,-0.10486140072943206,0.018387343145147117,98,67,42,45,64,81,53,35355.386999999995
2024-12-31,0.031088081027572212,-0.057669384197064355,-0.057956741398980105,-0.07461803994619776,-0.06542048964924052,0.05794173172010719,-0.01881376765144105,93,67,54,55,66,95,68,35355.386999999995
2025-01-31,-0.227566444428153,0.04779949824975871,-0.07069868577613003,-0.04634928453753584,0.04166661579130526,-0.11648210683309912,-0.10572574855439454,86,41,26,39,57,54,38,34238.636230000004
2025-02-28,-0.023234114119787153,0.007335196661208743,-0.12410232970423418,-0.03195737146252631,-0.04960001219055121,-0.1431657337427863,0.0565814798069566,84,46,23,44,62,56,37,34238.636230000004
2025-03-31,-0.1731684334867133,0.10573571655812564,-0.13015626693981863,-0.024759217260731825,-0.06902358355790439,-0.06229754392618303,0.0019729109086152885,87,55,25,43,68,62,38,34238.636230000004
2025-04-30,0.06846945373780544,0.11231395218664852,0.15729005356250392,-0.05123117735444016,0.18173600509776677,0.2918588719273989,0.09423343980539323,84,59,27,42,65,76,44,36351.967
2025-05-31,0.11176945610757083,0.043390041065312746,0.07050150383073572,-0.030483299480532744,0.1194258661781884,0.016349510360007535,-0.037466498027878714,90,58,27,39,63,71,35,36351.967
2025-06-30,-0.07025197788892013,-0.03303533805187886,0.05500950754620937,-0.013036779377012309,0.05878333888303322,-0.2059224727834993,-0.05341874576248251,79,55,29,38,62,64,35,36351.967
2025-07-31,-0.17665451365797502,-0.01031980039044067,-0.03696196767287452,-0.0668220169076108,-0.027759813207352546,-0.1731761356994843,-0.01805870804679588,88,55,30,41,70,68,39,36437.351
2025-08-31,-0.0018987198925555226,-0.028838313411170158,0.12356659178491203,-0.18678401787320986,-0.07702528289833166,0.0726381503211071,-0.007471274398376471,95,57,30,41,75,74,41,36437.351
2025-09-30,0.017242104315935425,0.03513174629598259,-0.007498364366724797,0.019457253548346598,-0.019424444696829357,0.08724559609995097,0.055298296772483546,99,58,27,40,63,70,43,36437.351
2025-10-31,0.005610948078480282,0.15555555204671,-0.02221282229093624,-0.022099489026850994,-0.05344349507796997,-0.31352698578781646,0.09135798251411553,97,61,25,41,67,74,43,34366.153000000006
2025-11-30,-0.03285798684154351,-0.012587442686993633,-0.1708520624790626,-0.10272213436534872,0.06434109172700886,-0.059640143242466914,-0.12591216206366418,95,73,41,43,65,81,51,34366.153000000006
2025-12-31,0.07692305283835776,-0.031102527585037065,0.0931917262591555,-0.007441338294458588,0.07428984140809503,-0.0005920123784899367,-0.05090600786165922,100,76,47,52,74,100,64,34366.153000000006
2026-01-31,-0.043452385278824,-0.03008609166247589,-0.031730937664222636,0.050173087145385376,-0.09084740830470417,0.04472752564947435,0.1093939926709302,83,52,22,39,62,62,37,33781.990167
