Price,Close,High,Low,Open,Volume
Ticker,NXT.L,NXT.L,NXT.L,NXT.L,NXT.L
2023-07-20,7197.6455078125,7197.6455078125,7033.790168656302,7033.790168656302,1282923
2023-07-21,7221.6240234375,7221.6240234375,7157.680479234401,7195.646958604991,506399
2023-07-24,7143.6923828125,7201.641216127622,7121.7117908653845,7187.65356670673,337814
2023-07-25,6997.8212890625,7161.676613363792,6997.8212890625,7143.692492403894,657958
2023-07-26,7083.74560546875,7095.735019751631,7017.803826912906,7031.7914769096,167571
2023-07-27,7115.71728515625,7163.674941669519,7091.738456899616,7143.692584788991,301651
2023-07-28,7061.76513671875,7089.740437203771,7035.78807198266,7077.75102271019,262143
2023-07-31,7041.78271484375,7069.758015072982,6985.684295677672,7031.791536190453,320825
2023-08-01,6955.8583984375,7031.391804672048,6901.906035105752,7021.800175842969,506044
2023-08-02,6845.955078125,6945.866856848365,6845.955078125,6879.925082890944,446963
2023-08-03,6895.9111328125,6914.294802968241,6821.976414784664,6909.898782169117,553220
2023-08-04,6943.86962890625,6953.860808228417,6869.934901922213,6915.894326804182,231862
2023-08-07,6871.93310546875,6907.901350859397,6805.991322252562,6905.903115004361,284372
2023-08-08,6835.96484375,6867.936617354209,6797.998362595002,6831.968372049474,219284
2023-08-09,6879.92578125,6933.878147237148,6855.946951922379,6895.911667468415,306226
2023-08-10,6971.8447265625,6973.842962368336,6879.925879494035,6919.890595610759,171214
2023-08-11,6893.9130859375,6963.851334635417,6883.921907552083,6929.881328125,685974
2023-08-14,6961.85302734375,6961.85302734375,6851.950066234706,6873.930658456516,423189
2023-08-15,6951.8623046875,7085.744102449518,6883.922287912745,6955.858776262486,247937
2023-08-16,6893.9130859375,6987.830162760417,6857.9448437500005,6909.898971354167,263964
2023-08-17,6847.95361328125,6883.921855195187,6813.9836070291985,6847.95361328125,234443
2023-08-18,6829.96923828125,6845.9551229817325,6718.068045377871,6825.972767106129,310689
2023-08-21,6809.98779296875,6865.938396901592,6784.010726857074,6825.973679806705,156814
2023-08-22,6784.01025390625,6885.9202753935015,6782.012018190813,6813.983789637794,504734
2023-08-23,6752.03857421875,6849.952125605764,6720.066802337276,6778.015638872448,686002
2023-08-24,6744.04541015625,6855.946608072917,6726.86038819313,6817.980130208333,222279
2023-08-25,6774.0185546875,6865.9373905328175,6736.052079012261,6736.052079012261,202039
2023-08-29,6951.8623046875,6959.855247837471,6799.996384838047,6841.959336375396,255031
2023-08-30,6929.88134765625,6967.847825627839,6863.939570126649,6963.851354262409,204603
2023-08-31,6981.8349609375,7019.801436111459,6915.89318826694,6949.863192369956,581995
2023-09-01,7021.7998046875,7073.753929594123,6905.902141434262,6989.828035514193,228514
2023-09-04,7029.79248046875,7085.74307440085,7025.7960094736,7069.75719042025,119441
2023-09-05,7035.7880859375,7073.754565242473,6945.867477057299,6983.833956362272,160115
2023-09-06,7001.81787109375,7077.750827458351,6967.847864299059,7009.810813868971,188929
2023-09-07,6985.83251953125,7019.802528922563,6929.881915827911,6929.881915827911,176237
2023-09-08,7101.7294921875,7159.678325972935,7010.304357095857,7125.708319960784,198172
2023-09-11,7151.68505859375,7195.646240848308,7107.723876339192,7107.723876339192,221632
2023-09-12,7271.57958984375,7329.528424167869,7171.667806526303,7173.666042192653,896005
2023-09-13,7171.66796875,7259.590340058164,7145.69090449986,7221.623861538729,337283
2023-09-14,7127.70703125,7177.662925777965,7057.7687789108495,7171.668218434609,368682
2023-09-15,7187.654296875,7231.615485235092,7145.691344349458,7171.668410198603,626705
2023-09-18,7105.7265625,7217.627768208661,7083.745968521513,7191.650702597722,223030
2023-09-19,7025.79638671875,7089.7399260745515,6987.829910226243,7089.7399260745515,430789
2023-09-20,7099.7314453125,7147.6891021342,7041.78260998628,7043.7808456871835,652842
2023-09-21,7343.5166015625,7423.446033960459,7001.818278061225,7001.818278061225,440191
2023-09-22,7291.5625,7341.518395450808,7243.604840367224,7311.544858180323,431979
2023-09-25,7305.55029296875,7311.545000539567,7215.629679406498,7245.603217260582,193504
2023-09-26,7417.45068359375,7417.45068359375,7263.586539564461,7275.575953384926,286962
2023-09-27,7381.48291015625,7453.419397640177,7349.511137941172,7441.429983059522,354091
2023-09-28,7275.576171875,7397.468549376888,7219.625572365937,7385.479135196375,619405
2023-09-29,7289.56396484375,7411.456344738342,7253.595721596166,7327.5304438273115,602476
2023-10-02,7285.56787109375,7443.428502420246,7242.803867864857,7315.541408687388,473480
2023-10-03,7119.71337890625,7293.559874546117,7119.71337890625,7241.605749412363,394703
2023-10-04,6965.849609375,7168.445632651285,6939.872545427244,7083.7455149840425,373939
2023-10-05,7035.7880859375,7085.743979759834,6951.862184315979,6973.842777597806,210736
2023-10-06,7207.63623046875,7207.63623046875,7041.782665975014,7059.766787426142,277328
2023-10-09,6893.9130859375,7153.683723958334,6885.920143229167,7153.683723958334,395653
2023-10-10,7029.79248046875,7117.714842362049,6871.931876160327,6943.868354073026,983305
2023-10-11,6869.93408203125,7105.72588589387,6867.935846405296,6999.819397718286,423765
2023-10-12,6921.8876953125,6965.848875825455,6837.961805242314,6903.903576011746,275407
2023-10-13,6847.95361328125,6953.220531351231,6817.980078352969,6901.905976152156,284867
2023-10-16,7083.74560546875,7103.727962606885,6891.914976942657,6913.895569794605,402943
2023-10-17,7175.66455078125,7175.66455078125,7027.7951058473,7073.7545279213655,267967
2023-10-18,7087.74267578125,7253.596254041709,7075.753260485314,7223.622715801866,310995
2023-10-19,6957.8564453125,7089.73999654473,6957.8564453125,7051.773519674845,363080
2023-10-20,6827.9716796875,6939.87288368589,6780.014020831047,6921.88876161472,596581
2023-10-23,6951.8623046875,6975.841134137414,6768.024612238161,6843.957572162888,413930
2023-10-24,6921.8876953125,6985.831230604071,6885.919456710992,6959.8541693918705,491297
2023-10-25,6857.94482421875,6943.868958088624,6839.960703176218,6917.891894360522,542158
2023-10-26,6809.98779296875,6857.9454534826145,6772.0213117286075,6815.982500532983,292602
2023-10-27,6815.98193359375,6835.964290479103,6740.048977429411,6813.983697905215,180776
2023-10-30,6831.96826171875,6925.885345164431,6810.155488307102,6861.941798988648,595211
2023-10-31,6877.92724609375,6941.870788184105,6774.018990196924,6871.93253902278,601844
2023-11-01,7125.70849609375,7211.632631071886,6981.835525897803,7103.727903424925,1176992
2023-11-02,7243.6044921875,7357.503928340518,7137.697998922414,7217.6274278017245,982476
2023-11-03,7323.5341796875,7447.42479882546,7165.673552076228,7281.5712280439975,359466
2023-11-06,7199.64306640625,7365.496625804451,7199.64306640625,7313.542498764051,701115
2023-11-07,7321.53515625,7383.480459154954,7157.67983888851,7215.628670638305,242251
2023-11-08,7331.52685546875,7457.415705807952,7329.5286197490805,7413.454519975215,519215
2023-11-09,7409.45849609375,7419.449675295602,7279.573166469669,7293.560817352262,339394
2023-11-10,7375.48828125,7393.47240331211,7257.592369953942,7371.491809680641,352376
2023-11-13,7525.35546875,7525.35546875,7361.500145213755,7395.470151312733,379449
2023-11-14,7629.2646484375,7645.250535600281,7463.411069123641,7499.379315239899,345487
2023-11-15,7723.18115234375,7737.16880255498,7581.306414486982,7637.257015331905,397553
2023-11-16,7619.2724609375,7759.148955106298,7609.2812827825865,7721.182478117624,523400
2023-11-17,7707.19482421875,7709.193059848571,7569.316565761116,7633.260105915381,243832
2023-11-20,7709.19384765625,7761.147979340818,7645.250300967551,7705.197375988207,164961
2023-11-21,7705.197265625,7737.169038511411,7645.25019146298,7693.207850792596,141406
2023-11-22,7723.18115234375,7737.16880255498,7661.235844265443,7725.179388088211,234580
2023-11-23,7729.17578125,7795.117560148979,7665.232238075233,7717.186366904731,159817
2023-11-24,7787.12451171875,7787.12451171875,7665.23213419377,7733.172147896218,178242
2023-11-27,7817.09765625,7827.088834236005,7621.27056772431,7775.134708708781,214992
2023-11-28,7893.03125,7893.03125,7715.188267405063,7767.142397151899,357368
2023-11-29,7923.0048828125,7982.951956326845,7807.107207351435,7849.070158811475,247529
2023-11-30,7923.0048828125,7962.969598488729,7877.045459784837,7903.022524974385,798524
2023-12-01,8034.9052734375,8074.869985068624,7923.0040808703525,7925.002316451909,470507
2023-12-04,8090.85693359375,8122.828707102641,7984.950433845548,8042.899273330413,270381
2023-12-05,8098.84912109375,8140.812069907707,7998.9373382033755,8048.893229648563,299706
2023-12-06,8116.83349609375,8180.777039145202,8042.8987744405085,8118.831731814108,352548
2023-12-07,8003.583984375,8061.537526334269,7979.6032083918535,8031.561556355337,217045
2023-12-08,7995.59033203125,8073.527853388216,7953.6239743774995,8023.567903800417,340447
2023-12-11,8135.47900390625,8143.472596639148,7967.613556515406,8001.58632563022,249220
2023-12-12,8101.50634765625,8243.388717520336,8085.5191619677325,8161.45829398819,313229
2023-12-13,8087.517578125,8163.456710313967,8051.5464102460155,8101.506365633493,470898
2023-12-14,8163.4560546875,8279.363141877677,8037.556977222307,8185.438433292534,661684
2023-12-15,8147.46923828125,8227.405164092203,8089.51569206831,8179.44360860563,913815
2023-12-18,8083.5205078125,8155.462841132957,8031.562155969947,8119.491674472728,583975
2023-12-19,8099.50732421875,8149.467275638802,8033.560188344282,8115.494508673167,332617
2023-12-20,8213.416015625,8250.866463593904,8049.547374923966,8211.417617567671,365778
2023-12-21,8191.43359375,8263.37592343407,8151.4656328144065,8197.42878789034,208568
2023-12-22,8203.4248046875,8205.423202934684,8041.554546665651,8163.456839743833,123669
2023-12-27,8127.4853515625,8201.426083799484,8103.504573539694,8201.426083799484,297202
2023-12-28,8141.474609375,8167.453787068146,8103.505041977326,8135.479414522736,131969
2023-12-29,8111.498046875,8163.4563984933175,8095.510861761672,8143.472417101657,167275
2024-01-02,8035.55859375,8189.435244264487,7985.598642284258,8145.470486974633,209353
2024-01-03,8075.52685546875,8107.501225596812,7945.630976823497,8007.581318946618,444053
2024-01-04,8543.1513671875,8543.1513671875,8295.350017589546,8315.333997395834,748482
2024-01-05,8459.2197265625,8491.194098314212,8299.267853812125,8443.232540686644,580213
2024-01-08,8499.1865234375,8507.68556944858,8323.327502966657,8443.231380560414,291118
2024-01-09,8419.251953125,8523.168663678643,8419.251953125,8523.168663678643,480934
2024-01-10,8537.15625,8537.15625,8419.250768082866,8463.215524051966,354867
2024-01-11,8449.2275390625,8639.07536692696,8449.2275390625,8595.110606789927,723570
2024-01-12,8555.1435546875,8597.109921108531,8477.20601704844,8483.201212251446,388940
2024-01-15,8477.2041015625,8583.119192883296,8469.210509764704,8519.170458500928,184029
2024-01-16,8551.1455078125,8583.119877554262,8391.27365910369,8451.225602369494,319270
2024-01-17,8407.26171875,8477.205659837771,8327.325786078263,8339.316175979024,285464
2024-01-18,8379.283203125,8459.219126837139,8325.326454619306,8455.222330651532,353923
2024-01-19,8291.353515625,8423.247787023229,8277.364729264582,8403.263806508345,391794
2024-01-22,8393.2724609375,8393.2724609375,8291.354152483258,8291.354152483258,398878
2024-01-23,8289.35546875,8431.241736416647,8289.35546875,8431.241736416647,579826
2024-01-24,8379.283203125,8381.281601217803,8239.395336628755,8275.366502299219,592358
2024-01-25,8487.197265625,8495.190858528815,8351.306186260155,8369.291770293737,213456
2024-01-26,8501.185546875,8509.179139302714,8447.228797987922,8495.190352554213,167690
2024-01-29,8501.185546875,8519.17112983736,8453.223992308709,8495.190352554213,181605
2024-01-30,8637.0771484375,8637.0771484375,8497.189272363777,8553.144422793266,489338
2024-01-31,8461.2158203125,8627.082828599212,8461.2158203125,8623.08603321881,358145
2024-02-01,8295.349609375,8353.303147961335,8241.39286655324,8337.315964903035,471602
2024-02-02,8305.3427734375,8399.26748718908,8305.3427734375,8333.320347746481,261480
2024-02-05,8237.3984375,8393.273517103347,8229.404843674187,8285.360000454875,757995
2024-02-06,8359.298828125,8393.271594101123,8265.374122191011,8301.34528616573,1045093
2024-02-07,8349.306640625,8391.272997602771,8253.383538961525,8341.313048819711,301940
2024-02-08,8283.359375,8363.295291767188,8271.36898748492,8337.316118817853,206480
2024-02-09,8215.4140625,8311.41717913272,8213.415664528095,8257.380419909998,676154
2024-02-12,8341.314453125,8371.290427441454,8197.429776406025,8259.380123326695,411095
2024-02-13,8169.45068359375,8331.32091484891,8065.53399192377,8325.32572109872,737166
2024-02-14,8289.35546875,8319.33144079225,8213.416339576303,8213.416339576303,363563
2024-02-15,8393.2724609375,8455.222805292038,8367.293284272693,8395.270859142485,458761
2024-02-16,8463.2158203125,8477.204606792355,8385.27829563902,8435.238247352789,466381
2024-02-19,8493.19140625,8544.85311647662,8451.225048713235,8465.213834558823,209711
2024-02-20,8527.1640625,8581.120807212328,8477.204113692289,8477.204113692289,252422
2024-02-21,8547.150390625,8577.12636814648,8495.192029587766,8515.176014602088,156830
2024-02-22,8435.23828125,8622.212425509835,8413.255902407605,8589.114933146766,183704
2024-02-23,8437.2373046875,8511.178039001436,8403.264534867583,8483.200463855623,178565
2024-02-26,8415.25390625,8493.19142758549,8365.293956675969,8459.21866187515,482873
2024-02-27,8355.302734375,8437.237059203839,8287.35719671206,8407.261086705483,1023538
2024-02-28,8347.3095703125,8471.210263000883,8325.327189351658,8407.261518387524,306809
2024-02-29,8307.3408203125,8433.23989937906,8307.3408203125,8387.276743529363,887251
2024-03-01,8403.263671875,8425.24605008918,8277.364596648335,8425.24605008918,339155
2024-03-04,8177.4443359375,8397.268108408938,8121.48919385386,8371.288935298677,252928
2024-03-05,8293.3525390625,8293.3525390625,8135.479081089985,8139.475877494353,312780
2024-03-06,8409.2587890625,8453.223545088968,8295.350102993925,8307.340491001143,607031
2024-03-07,8313.3369140625,8399.268040818435,8253.384965163012,8367.29366807204,901252
2024-03-08,8365.2939453125,8365.2939453125,8243.391668517454,8325.325985707566,250455
2024-03-11,8385.279296875,8415.255271482512,8319.33215273847,8319.33215273847,736661
2024-03-12,8491.1943359375,8491.1943359375,8391.274421417173,8429.243988934897,1005183
2024-03-13,8449.2275390625,8575.126624909459,8343.312435096012,8537.157059336567,488859
2024-03-14,8481.201171875,8587.116266622732,8451.225201663377,8463.215589748026,303670
2024-03-15,8495.1904296875,8601.105530316396,8427.244893435001,8431.241689685148,831282
2024-03-18,8449.2275390625,8523.168272020237,8425.246760805938,8511.177882891956,182196
2024-03-19,8471.2099609375,8471.2099609375,8363.296458250397,8427.245200583495,334252
2024-03-20,8503.18359375,8515.173981896298,8371.289324140716,8397.268498457697,329031
2024-03-21,9070.728515625,9098.706087605337,8661.05692591292,8673.047313904493,548677
2024-03-22,9184.63671875,9196.627106111293,8996.78731675642,9048.745661988685,649905
2024-03-25,9202.6240234375,9244.590387062295,9113.195700951326,9126.684889259297,460976
2024-03-26,9280.560546875,9280.560546875,9154.661469688712,9198.626226801383,263167
2024-03-27,9180.640625,9310.536498013713,9144.669460165433,9302.542905828253,177423
2024-03-28,9224.60546875,9290.552604900076,9166.65192486054,9220.608672619694,314666
2024-04-02,9042.751953125,9228.602987741713,9016.772776243093,9210.617403746546,462931
2024-04-03,9006.7802734375,9078.543061750914,8956.82032073372,9040.75304127607,262214
2024-04-04,8940.833984375,9008.779526500335,8918.851603099156,8998.787535011315,323589
2024-04-05,8814.9345703125,8872.888118836432,8693.032278589746,8840.91374723702,460524
2024-04-08,8822.927734375,8862.895696931624,8738.995013006088,8810.937345608012,461654
2024-04-09,8734.998046875,8814.933970433682,8691.033288917724,8814.933970433682,227997
2024-04-10,8890.873046875,8912.855425727692,8754.981977603817,8848.906687247134,411200
2024-04-11,8978.8017578125,8978.8017578125,8818.929925935136,8886.875454483015,284122
2024-04-12,9036.7568359375,9086.716791907964,8998.787269399947,9038.755234176318,544833
2024-04-15,8942.8310546875,9054.74134274616,8928.842268680168,9022.766974729398,288180
2024-04-16,8830.9208984375,8856.900072838878,8691.033036276236,8828.922500406625,351995
2024-04-17,8820.9287109375,8880.880650522486,8711.01682169836,8796.947935103506,541508
2024-04-18,8836.9169921875,8888.875346279965,8766.973053986107,8864.894567468058,269339
2024-04-19,8766.97265625,8796.948628404947,8665.054350923183,8776.964646968316,242181
2024-04-22,9048.74609375,9088.714053528047,8894.869448604515,8942.831000338174,388495
2024-04-23,9182.638671875,9204.621049544341,9092.710763227693,9092.710763227693,688804
2024-04-24,9192.630859375,9208.61804347826,9066.73178456182,9172.646879245924,316617
2024-04-25,9096.708984375,9196.628898526746,9036.757035883951,9164.654525998187,351404
2024-04-26,9112.6943359375,9160.655885074013,8964.812892766584,9148.665497789885,301032
2024-04-29,9034.7578125,9203.400949861643,9034.7578125,9144.669708029198,200301
2024-04-30,9000.78515625,9168.650598773313,8988.794767498335,9060.737100008326,294557
2024-05-01,9056.740234375,9076.72421547468,8752.983721659863,8992.791494856023,707507
2024-05-02,8970.8095703125,9090.713462987651,8970.8095703125,9074.72627729763,708592
2024-05-03,9090.7119140625,9136.675065089856,8916.851299306854,9058.737548130428,132925
2024-05-07,9098.7060546875,9268.569883953574,9098.7060546875,9232.598720108994,293653
2024-05-08,9180.640625,9214.613391788202,9092.711110959948,9126.68387774815,198582
2024-05-09,9196.62890625,9236.596871944264,9110.697780007335,9172.648126833443,212032
2024-05-10,9286.5546875,9298.54507444319,9140.671646357865,9218.609161488594,180546
2024-05-13,9254.5810546875,9306.539402219754,9220.608288993333,9282.558626435637,109898
2024-05-14,9288.5546875,9380.481003254088,9184.63798273451,9240.593131454389,233180
2024-05-15,9326.5234375,9356.4994074084,9232.598731787015,9316.531447530533,149149
2024-05-16,9384.478515625,9394.470507230222,9106.14202681331,9336.516955919931,189838
2024-05-17,9418.451171875,9434.438358247799,9312.536062155208,9354.502426383804,178408
2024-05-20,9360.4970703125,9458.418581082207,9334.517893985843,9444.429793829393,143703
2024-05-21,9372.4873046875,9420.448860191233,9250.585017782183,9316.532156599815,154414
2024-05-22,9266.5732421875,9392.472339504258,9190.634104123423,9344.510778621685,457460
2024-05-23,9300.544921875,9348.506477123174,9208.618607649334,9280.560940521595,399984
2024-05-24,9358.498046875,9388.474017556855,9186.6358149657,9242.590960238496,171291
2024-05-28,9200.6240234375,9420.447794631707,9200.6240234375,9366.491050793129,199213
2024-05-29,9302.54296875,9320.528551288937,9144.669522019334,9198.626269636143,327633
2024-05-30,9328.521484375,9378.481432341876,9182.638436311723,9230.599986359925,309041
2024-05-31,9330.5205078125,9394.45753613364,9262.574974022475,9318.530119496612,1078846
2024-06-03,9314.533203125,9456.419463031001,9312.534805098156,9394.469124198804,1260781
2024-06-04,9408.45703125,9490.391342694616,9296.546752203696,9310.535537084485,258860
2024-06-05,9278.5634765625,9522.368073620572,9278.5634765625,9486.396903562823,438756
2024-06-06,9274.5654296875,9352.502954306723,9222.607079941352,9294.549410359095,171103
2024-06-07,9238.59375,9342.510443705385,9238.59375,9304.540882543803,652057
2024-06-10,9200.6240234375,9294.548725675026,9134.676892079238,9170.64805463829,266574
2024-06-11,9026.7646484375,9296.548404810992,8982.799888139598,9258.578839099167,277850
2024-06-12,9168.650390625,9174.64558486473,8968.810582634045,9062.735292389794,555549
2024-06-13,9024.765625,9180.640673438884,8990.804567396166,9170.64868315434,420112
2024-06-14,9000.78515625,9036.756322504996,8890.873259359736,9010.777146876388,338100
2024-06-17,9030.7607421875,9064.709114358024,8954.821616672314,9040.752732386867,165911
2024-06-18,9032.7587890625,9118.689901436324,9020.768401289408,9090.712329965776,420421
2024-06-19,8996.7880859375,9046.748037547548,8960.816920778265,9022.767260774726,180885
2024-06-20,9094.7099609375,9116.692340539854,8938.834905575355,8988.794859217069,171019
2024-06-21,9132.6806640625,9136.677460852025,9008.779963587254,9070.730313824877,608349
2024-06-24,9284.55859375,9302.54417862812,9038.75560041568,9118.69153320733,343998
2024-06-25,9250.5849609375,9344.509673221808,9192.631415059948,9318.530497483596,667606
2024-06-26,9136.67578125,9326.523593852526,9108.69820886647,9260.57645894849,248664
2024-06-27,9124.685546875,9192.631080951598,8778.962682308776,9086.715983714548,183677
2024-06-28,9028.763671875,9174.64675023863,9008.779688537517,9172.64835190488,263884
2024-07-01,9112.6943359375,9204.62063844915,8972.806484289336,9082.718367727179,230516
2024-07-02,9038.7548828125,9090.713235002004,8970.809345333919,9064.734058907252,317129
2024-07-03,9104.7001953125,9184.636105719106,9070.727433389691,9082.717819950683,842916
2024-07-04,8932.22265625,9008.173531375867,8880.256268005985,8992.183873454633,186325
2024-07-05,8930.2236328125,9004.175798079747,8878.257246408488,8952.209411675736,118808
2024-07-08,9004.1767578125,9072.132808814858,8866.26594842536,8924.228462515608,850472
2024-07-09,8668.39453125,9052.146375843036,8668.39453125,9012.172225364595,542135
2024-07-10,8886.2529296875,8920.230954834753,8614.428728509474,8798.309805776962,688688
2024-07-11,8904.2421875,8970.199537037037,8810.302932098766,8930.225385802469,293643
2024-07-12,9102.1142578125,9128.097456176918,8922.230576828062,8968.20085085742,238108
2024-07-15,9014.1708984375,9158.077839609896,8964.203210530419,9056.143756279449,474230
2024-07-16,9064.138671875,9070.13479448043,8884.2549937121,8958.207172512404,237272
2024-07-17,8950.2119140625,9100.11497202469,8918.232595030566,9056.143408355782,396845
2024-07-18,8920.232421875,9064.139375577666,8896.247929591222,9008.175560248852,166642
2024-07-19,8934.22265625,8986.189052013422,8836.285987311241,8892.249798133389,188039
2024-07-22,8766.330078125,8962.203390404127,8766.330078125,8954.208561331508,787125
2024-07-23,8766.330078125,8856.271905191947,8682.384372862516,8714.363689152986,899380
2024-07-24,8734.3525390625,8742.34736976187,8658.401647418477,8706.370631614702,154302
2024-07-25,8682.3857421875,8936.221605276314,8592.443900935557,8674.390911853994,461618
2024-07-26,8806.3046875,8828.290468608147,8652.404219742964,8662.397756610304,413694
2024-07-29,8882.255859375,8930.224837913478,8832.288173397417,8862.268784983968,861925
2024-07-30,9028.1611328125,9072.132694672557,8824.29298237042,8870.263251587752,439720
2024-07-31,9068.1357421875,9178.06465244104,9016.169348249463,9110.108598829762,582906
2024-08-01,9823.6474609375,9911.59059181873,9521.842625413276,9545.827115653612,559453
2024-08-02,9469.875,9775.67721084846,9423.90473300971,9737.701772899958,377660
2024-08-05,9281.9970703125,9331.96475479954,9174.413327445354,9254.015166999758,413911
2024-08-06,9353.9501953125,9375.975988869483,9258.012244591346,9301.983805338541,605193
2024-08-07,9469.875,9519.842681511187,9351.951271633601,9403.917660405235,242016
2024-08-08,9487.8642578125,9525.839699333132,9359.946981111425,9387.928885389785,322135
2024-08-09,9513.84765625,9583.80241842831,9497.85799632353,9525.839901194853,420066
2024-08-12,9535.8330078125,9600.465037258733,9513.847226406937,9549.823959616038,237874
2024-08-13,9647.7607421875,9661.751694164983,9349.953335809638,9537.831833792987,129707
2024-08-14,9719.7138671875,9741.699648092099,9631.770743569106,9695.729378927937,191529
2024-08-15,9839.63671875,9839.63671875,9691.732368315814,9751.693591464807,126724
2024-08-16,9801.6611328125,9855.626232850414,9785.671473542006,9839.63657357992,149769
2024-08-19,9973.548828125,10008.526203774738,9577.804806487977,9763.68457422658,821020
2024-08-20,9907.591796875,10008.526512578488,9869.61635928359,9931.576283774839,163516
2024-08-21,9965.5546875,9991.537882633875,9883.607687462394,9919.584419186222,220979
2024-08-22,10083.4775390625,10083.4775390625,9913.58743186323,9993.535717604063,1003047
2024-08-23,10208.3984375,10208.3984375,10043.505070668134,10103.46629497063,307124
2024-08-27,10098.4677734375,10193.90213516175,10068.487166490135,10153.43221950767,464918
2024-08-28,10098.4677734375,10128.448380384865,10040.502338878947,10093.471005612939,160196
2024-08-29,10133.4462890625,10198.404278094951,10083.478605191383,10133.4462890625,213795
2024-08-30,10158.4287109375,10213.393155512174,10133.444872494465,10153.431943248892,230554
2024-09-02,10103.4658203125,10193.407652540802,10033.51106191271,10188.410884083672,133026
2024-09-03,10088.4755859375,10153.433576337296,9777.67658571694,9977.54732540862,149861
2024-09-04,10043.5048828125,10062.078808586917,9955.56175548041,9969.55270755597,181754
2024-09-05,9967.5546875,10073.486189091638,9913.58958291558,9979.546932963205,222760
2024-09-06,9919.5859375,10008.528426764306,9843.635047791155,9937.574306115253,325062
2024-09-09,10058.4951171875,10058.4951171875,9961.557807066567,10003.53066299522,205158
2024-09-10,10018.51953125,10113.45812032419,9998.53245986596,10073.48397755611,751031
2024-09-11,10183.4140625,10183.4140625,10043.504546430324,10053.498083292443,266371
2024-09-12,10283.3486328125,10373.290457589286,10205.80601467405,10373.290457589286,160628
2024-09-13,10303.3369140625,10378.288443505244,10268.359533655886,10283.349839544435,186810
2024-09-16,10403.271484375,10423.258557351704,10248.371668805536,10268.35874178224,244064
2024-09-17,10508.203125,10523.921473743912,10443.245140870185,10468.228980920114,325633
2024-09-18,10328.3203125,10498.210438588534,10278.352628356313,10458.236291273584,413597
2024-09-19,10383.28515625,11096.656828440648,10158.430569131979,10778.029875857195,934669
2024-09-20,9969.552734375,10421.958407815973,9969.552734375,10373.291638212962,808011
2024-09-23,10093.47265625,10093.47265625,9961.557964108912,9963.556671565595,278000
2024-09-24,10088.4755859375,10183.414187291048,9962.946416538856,10158.430344829589,300730
2024-09-25,10083.4775390625,10128.448449791718,10000.47654045793,10018.519556898073,254725
2024-09-26,10093.47265625,10193.40802908416,10013.574130482815,10183.414491800742,421714
2024-09-27,9735.703125,10148.436176798912,9735.703125,10063.491117711968,539532
2024-09-30,9775.6787109375,9793.667079041863,9543.828633147938,9655.756256908417,503842
2024-10-01,9903.595703125,9957.560805846368,9743.699102469096,9769.682300075681,737639
2024-10-02,9779.6748046875,9911.589486295792,9671.744610644351,9907.592071701602,312270
2024-10-03,9859.623046875,9903.594607189463,9771.679926246072,9791.666999116283,300625
2024-10-04,9931.576171875,9985.541266791608,9845.631761452254,9845.631761452254,229968
2024-10-07,9825.64453125,9973.548863087368,9825.64453125,9973.548863087368,157250
2024-10-08,9899.59765625,9941.570511243186,9773.679091270442,9791.667457696094,186803
2024-10-09,9857.625,9989.539689781022,9855.626292579076,9959.559078467153,201149
2024-10-10,10043.5048828125,10043.5048828125,9849.63026119403,9877.61216534515,480449
2024-10-11,10188.4111328125,10243.375587182749,10013.524232543527,10038.508075439093,243994
2024-10-14,10263.3623046875,10283.349378309093,10098.468947309366,10153.433399768744,252177
2024-10-15,10238.37890625,10278.35305522511,10148.437071056003,10193.407988653002,258975
2024-10-16,10438.25,10438.25,10263.363092388703,10268.359861177596,430357
2024-10-17,10448.2431640625,10468.230238503556,10381.301103655498,10423.259321011179,559663
2024-10-18,10238.37890625,10393.27873352855,10198.404757274891,10383.285196284773,348092
2024-10-21,10163.4267578125,10283.349197432706,10153.433221177482,10258.365355845162,171826
2024-10-22,10053.498046875,10158.430183547154,9987.540703823932,10133.446341482357,691812
2024-10-23,9981.544921875,10078.482232389806,9965.55526240864,10013.52424080772,192434
2024-10-24,9867.6181640625,10003.530263547258,9838.539314422624,9971.550946021433,143136
2024-10-25,9993.537109375,9993.537109375,9825.645685937501,9829.64310078125,285653
2024-10-28,10103.4658203125,10103.4658203125,9975.548547810027,10008.52721962707,216411
2024-10-29,10063.4921875,10143.44048690417,10033.511575223436,10143.44048690417,1042907
2024-10-30,10178.41796875,10382.286134250737,10115.775860049998,10343.311337905008,420555
2024-10-31,9783.671875,10103.465031281921,9683.7365136619,10098.468263215016,368720
2024-11-01,9907.591796875,9957.559477916331,9747.695217542743,9789.66806961746,230070
2024-11-04,9875.61328125,9974.669337284804,9869.617159039162,9887.605525671675,180575
2024-11-05,10033.5107421875,10093.471961762327,9851.628376143863,9851.628376143863,168813
2024-11-06,9895.6005859375,10178.417690140723,9865.619974184508,10108.462929383742,503910
2024-11-07,9915.587890625,10018.521326699822,9875.61374069303,9889.60469316922,158930
2024-11-08,9855.6259765625,10008.52708936052,9835.638902994131,9939.571685549648,146766
2024-11-11,9823.6474609375,9953.563449739318,9823.6474609375,9899.598346698564,177467
2024-11-12,9729.70703125,9785.670835045194,9685.735471125205,9731.7057385284,243920
2024-11-13,9667.7470703125,9805.657872018426,9613.78197399279,9737.701824801014,213169
2024-11-14,9519.84375,9709.720961053958,9499.856675152214,9663.750688904052,205688
2024-11-15,9503.853515625,9587.799224911278,9471.874197801657,9477.870319893533,918012
2024-11-18,9439.89453125,9535.832481175894,9385.929434416685,9493.859628083315,468848
2024-11-19,9471.875,9495.859490398818,9355.949963072379,9429.902141802067,272806
2024-11-20,9369.9404296875,9493.860290319033,9335.962403385305,9483.866753171327,206329
2024-11-21,9545.826171875,9545.826171875,9321.970951764028,9379.93346411419,201800
2024-11-22,9757.6884765625,9759.687183747375,9567.81129399932,9591.795780217828,417594
2024-11-25,9831.6416015625,9843.633845841698,9663.750181653728,9807.657113004105,471244
2024-11-26,9789.6689453125,9921.583635061505,9761.687041426347,9909.591390538868,124930
2024-11-27,9821.6484375,9879.610953716423,9765.684628739316,9805.65877785409,136464
2024-11-28,9855.6259765625,9899.59753841291,9605.787556957894,9841.635025064643,99056
2024-11-29,10073.4853515625,10073.4853515625,9865.619780815972,9877.612025282118,236004
2024-12-02,10203.4013671875,10203.4013671875,10038.508005230013,10038.508005230013,200220
2024-12-03,10153.43359375,10243.375426765502,10138.443288247416,10183.414204755167,226858
2024-12-04,10298.33984375,10338.313991615114,10143.440020772683,10183.414168637797,209975
2024-12-05,10224.1318359375,10244.12036347599,10139.180593898918,10179.157648975897,243861
2024-12-06,9994.2646484375,10239.12413232422,9940.295619335937,10194.14994140625,1252817
2024-12-09,9790.3818359375,10064.224692516396,9790.3818359375,10009.256235903844,287047
2024-12-10,9710.427734375,9864.339413161922,9710.427734375,9742.40938191514,405526
2024-12-11,9744.408203125,9758.400173878204,9574.370036784832,9588.497671875,1522556
2024-12-12,9764.396484375,9772.391896030578,9712.426308613742,9760.39877854721,286660
2024-12-13,9898.318359375,9898.318359375,9761.47405652372,9768.392936644916,378082
2024-12-16,9848.34765625,9886.32585910544,9706.429108737568,9876.331595196114,237470
2024-12-17,9800.3759765625,9854.345006007165,9740.410388290651,9810.370241274475,786020
2024-12-18,9894.3212890625,9970.27769491793,9790.380944207702,9818.36488320707,1461627
2024-12-19,9776.3896484375,9794.37932474826,9696.43553150078,9742.409148739393,314840
2024-12-20,9800.3759765625,9802.335789408364,9724.419564751492,9770.393182426576,940073
2024-12-23,9740.41015625,9868.33674151575,9676.446863617124,9762.397538092551,186554
2024-12-24,9840.353515625,9890.324841623502,9770.393659227098,9884.328282503682,227434
2024-12-27,9584.5,9832.357768508864,9540.525234619396,9832.357768508864,141359
2024-12-30,9494.55078125,9580.501451480264,9446.578314144737,9556.515217927632,116368
2024-12-31,9492.55078125,9562.51062065698,9426.58864695199,9482.556518477573,116653
2025-01-02,9694.4365234375,9856.343607643365,9530.530586340206,9612.483554888853,217103
2025-01-03,9516.5380859375,9675.60694633625,9466.566766435622,9644.464663862305,481177
2025-01-06,9548.5205078125,9652.460860838719,9420.593919472538,9488.554919528144,253653
2025-01-07,9906.3134765625,10049.231437332117,9706.428216744855,9844.34904601903,872852
2025-01-08,9674.4482421875,9988.268154175814,9566.51018328706,9932.300271782993,478152
2025-01-09,9508.5419921875,9650.460529384327,9370.621160263821,9628.473150382002,264158
2025-01-10,9342.6376953125,9542.52296906758,9342.6376953125,9462.568859565548,440282
2025-01-13,9344.6357421875,9378.616235795454,9296.663280623328,9296.663280623328,216590
2025-01-14,9022.822265625,9408.982504031064,9022.822265625,9374.620386748173,309237
2025-01-15,9246.6923828125,9276.675172640036,9046.807117295584,9046.807117295584,447532
2025-01-16,9264.6826171875,9294.665408828883,9196.721622800364,9294.665408828883,312380
2025-01-17,9348.634765625,9368.623294095441,9234.70015334349,9296.664591601855,334943
2025-01-20,9374.6201171875,9460.570792035915,9324.648794601213,9348.63502944263,179339
2025-01-21,9402.603515625,9494.550743881537,9370.621871014031,9494.550743881537,305302
2025-01-22,9496.5498046875,9500.547510351438,9384.614046097204,9416.595691408716,140630
2025-01-23,9528.53125,9674.447503671072,9470.564519089574,9506.543869309839,802439
2025-01-24,9334.642578125,9568.508355778238,9292.666669315444,9556.515238975508,265576
2025-01-27,9330.64453125,9366.623880342224,9296.664034885122,9306.65829852185,170997
2025-01-28,9514.5400390625,9560.513656898307,9304.660479377299,9330.645567719275,255174
2025-01-29,9650.4619140625,9684.442413759904,9535.847999756852,9548.520414970291,912237
2025-01-30,9770.392578125,9804.37307604401,9554.516473698342,9614.482058261303,192665
2025-01-31,9946.2919921875,10084.212841757624,9880.329846740919,9956.286256649102,553548
2025-02-03,9746.4052734375,9886.324955377744,9626.47411748872,9850.34560859311,166423
2025-02-04,9720.4208984375,9794.378449998714,9674.447285304854,9716.423192947705,750177
2025-02-05,9728.4169921875,9732.414697957867,9576.504172913563,9664.453699861631,284989
2025-02-06,9796.376953125,9862.339091352529,9696.434319446924,9762.396457674453,204818
2025-02-07,9718.4228515625,9862.340261129037,9654.459558421817,9802.374673809645,1670801
2025-02-10,9878.330078125,9878.330078125,9716.423008855852,9718.42186156288,962924
2025-02-11,9934.2998046875,9992.266543990505,9814.368619922661,9894.32274309922,555149
2025-02-12,9994.2646484375,10019.250310058593,9878.331178515624,9936.297913476563,263941
2025-02-13,10009.2548828125,10159.168835126216,9898.318558100349,10079.214727225568,172531
2025-02-14,9999.2626953125,10094.208218156547,9976.275884518678,10039.239757562626,318650
2025-02-17,10139.181640625,10169.164435028031,9976.27512436853,9999.261933410855,192403
2025-02-18,10109.1982421875,10199.14662002209,10092.260697168604,10149.175299002873,149384
2025-02-19,9978.2734375,10139.181092091096,9978.2734375,10119.192563570463,132645
2025-02-20,10034.240234375,10064.223023919945,9984.268918466758,10029.243102784176,298614
2025-02-21,10009.2548828125,10189.15162558896,10009.2548828125,10019.249146300082,532456
2025-02-24,9904.3173828125,10021.467940938797,9898.320823347629,9960.285271151299,287217
2025-02-25,9928.3017578125,9971.277092580563,9824.361413257186,9838.353382716554,118605
2025-02-26,10054.2294921875,10099.203679776807,9941.860391372998,10034.24096437003,510224
2025-02-27,10004.2578125,10029.243471372378,9866.336975524475,9968.278463723776,177134
2025-02-28,10019.2490234375,10054.228945215087,9920.305816123753,9924.303521469763,359479
2025-03-03,10129.1865234375,10194.149239177355,9986.268548809818,10024.246751857732,203303
2025-03-04,9984.26953125,10164.166279560812,9978.272972972973,10084.212169200451,175594
2025-03-05,9874.3330078125,10154.172404795041,9844.350215278657,10034.241234659667,191102
2025-03-06,9812.3681640625,9934.298181990349,9748.404875969201,9926.302770978687,244599
2025-03-07,9916.30859375,9960.283354697893,9690.438230699456,9728.416433336273,210701
2025-03-10,9944.2919921875,10064.223151892274,9940.294286864008,9978.272487437187,278549
2025-03-11,9802.3740234375,9994.263890127957,9734.41302898463,9776.388937323167,586410
2025-03-12,9724.4189453125,9806.371910730344,9544.522191956257,9784.384529764582,300490
2025-03-13,9584.5,9750.404796663192,9584.5,9676.447236704902,193193
2025-03-14,9674.4482421875,9724.419565752518,9602.489536253874,9604.488389196475,340964
2025-03-17,9578.50390625,9702.43279652285,9539.728303918457,9664.454588213428,739755
2025-03-18,9820.3642578125,9842.351639623193,9616.481262840614,9618.480115732495,270391
2025-03-19,9784.384765625,9814.3675585738,9650.461623787029,9798.376735667774,175263
2025-03-20,9762.396484375,9982.27027906813,9762.396484375,9804.372390634597,406251
2025-03-21,9808.3720703125,9810.370923393877,9694.437444674062,9720.422534731952,1047782
2025-03-24,9782.3857421875,9870.335266637081,9674.447689453924,9852.345591181485,291656
2025-03-25,9790.3818359375,9848.348572001645,9746.407070647458,9808.371512647062,363904
2025-03-26,9980.2724609375,9980.2724609375,9806.372259835645,9850.347023332666,581091
2025-03-27,11028.671875,11068.64893662211,10498.975808507023,10873.760761214318,553195
2025-03-28,10983.6953125,11073.64368175614,10788.807179111693,10998.686707376022,446035
2025-03-31,11078.640625,11081.482743563585,10913.735284167795,10943.718073410013,596637
2025-04-01,11098.6298828125,11248.54383890632,11023.67290476559,11148.601201510439,473042
2025-04-02,11238.5498046875,11253.541200603046,11038.664525813556,11038.664525813556,295097
2025-04-03,11448.4296875,11528.38380142405,11098.630439082279,11113.621835443037,315672
2025-04-04,11223.55859375,11503.397988785619,11113.621688557436,11478.412328514582,454964
2025-04-07,10663.8798828125,11038.664789659239,10583.925769351863,10908.739355285703,1066008
2025-04-08,11008.6826171875,11033.668279051293,10603.914894994043,10703.857542449217,921236
2025-04-09,10958.7109375,11083.639242761059,10758.825649082308,10838.779764449384,704520
2025-04-10,11413.4501953125,11498.401444577084,10923.731228963714,11093.633727492885,500056
2025-04-11,11548.3720703125,11608.337654407589,11403.455242082702,11423.443770114398,828725
2025-04-14,11723.271484375,11778.239935495258,11588.348922534367,11653.311637494671,316425
2025-04-15,11953.1396484375,12048.085155678433,11749.668537453266,11823.214217476223,698107
2025-04-16,11993.1171875,11993.1171875,11838.206090494792,11948.142998046877,574207
2025-04-17,12043.0888671875,12083.06592566779,11843.203574786046,11943.146220986773,172144
2025-04-22,12123.0419921875,12148.027651693244,11958.136639449582,12068.07354127486,1183316
2025-04-23,11833.2080078125,12217.98715333681,11783.236690211941,12173.012967496305,1377163
2025-04-24,11883.1796875,11918.159610886249,11773.24278542893,11798.228444990538,612838
2025-04-25,12033.09375,12033.09375,11878.182659364618,11933.151110880399,1295080
2025-04-28,11923.1572265625,12113.048246935248,11923.1572265625,12108.051114820175,296981
2025-04-29,12078.0673828125,12093.058777991828,11883.179245481226,11963.133353104313,215248
2025-04-30,12322.927734375,12322.927734375,12068.073997776004,12148.028111218826,749075
2025-05-01,12302.939453125,12337.919378458824,12197.999677123527,12287.948056553361,94084
2025-05-02,12362.904296875,12427.867011450333,12262.961659066796,12387.889956327052,190329
2025-05-06,12442.8583984375,12507.821112967495,12387.88994768135,12447.855530324423,1366518
2025-05-07,12287.9482421875,12477.839268296944,12123.042877408245,12477.839268296944,1375154
2025-05-08,12342.916015625,12537.804163240133,12232.979111842105,12362.904543585526,447811
2025-05-09,12217.9873046875,12377.895522990158,12013.10489998722,12342.915600236453,415989
2025-05-12,11948.1435546875,12307.937087074577,11863.192303984995,12307.937087074577,255529
2025-05-13,12193.0029296875,12207.994326732198,11854.61215750233,11903.16925349001,253731
2025-05-14,12352.9111328125,12387.891059159461,12202.997162754096,12237.977089101058,271597
2025-05-15,12572.7841796875,12572.7841796875,12307.93618226165,12367.901766584484,903679
2025-05-16,12702.708984375,12702.708984375,12477.838054281816,12692.714720815302,327164
2025-05-19,12702.708984375,12702.708984375,12490.330883731436,12657.734798356363,270566
2025-05-20,12812.646484375,12822.640748403373,12687.71818402033,12712.703844091264,223177
2025-05-21,12787.6611328125,12813.733084124111,12637.747168770149,12772.669736408265,287968
2025-05-22,12887.6044921875,12897.59875701277,12677.7249308568,12677.7249308568,155660
2025-05-23,12887.6044921875,12952.567213551763,12722.69912257052,12922.584419075949,426821
2025-05-27,12882.607421875,12962.561540862587,12827.638965071033,12952.567275989139,296465
2025-05-28,12787.6611328125,12937.575096854851,12787.6611328125,12902.595171911635,182605
2025-05-29,12787.6611328125,12867.61524696842,12672.727093713365,12827.63818989046,347277
2025-05-30,12857.6201171875,12887.602907977676,12782.493315811098,12802.65166740551,594184
2025-06-02,12962.5615234375,13012.532847737568,12866.820565288768,12912.590199137434,159169
2025-06-03,12902.595703125,13092.486732063324,12867.615776741624,13047.512540998983,172590
2025-06-04,12882.607421875,12932.578746242241,12787.66190557724,12907.59308405862,446020
2025-06-05,12927.580078125,12927.580078125,12792.657518361035,12907.59155075256,124096
2025-06-06,12902.595703125,12942.572761848858,12862.618644401142,12922.584232486928,83962
2025-06-09,12832.634765625,12967.557327413113,12807.649106034609,12947.5687997408,90263
2025-06-10,12487.833984375,12892.601712560025,12487.833984375,12847.627520539465,267268
2025-06-11,12537.8037109375,12567.786501796658,12417.872547500872,12492.829524648765,282983
2025-06-12,12617.7578125,12617.7578125,12442.858199257425,12517.815176361386,189576
2025-06-13,12762.67578125,12817.644236063528,12487.83350718236,12517.816300717013,140160
2025-06-16,12582.779296875,12837.633047526559,12582.779296875,12772.67032677224,290431
2025-06-17,12472.8408203125,12592.771982046273,12467.843688573594,12557.792059873924,556063
2025-06-18,12567.7880859375,12597.77088057592,12507.822496660661,12507.822496660661,160047
2025-06-19,12392.8876953125,12552.795923639113,12377.89629890688,12542.8016593687,149040
2025-06-20,12367.90234375,12472.842121212121,12307.936756628787,12417.87366635101,422651
2025-06-23,12327.9248046875,12412.876049794791,12282.950616101287,12347.91333294804,396908
2025-06-24,12307.9365234375,12447.856224069352,12307.9365234375,12387.890638084273,276474
2025-06-25,12372.8984375,12372.8984375,12282.950064367933,12342.915646455978,170972
2025-06-26,12402.8818359375,12487.833081389126,12317.930590485874,12387.89043968133,214024
2025-06-27,12442.8583984375,12482.835453532882,12282.950178055973,12422.869870889808,173630
2025-06-30,12432.865234375,12607.76486588751,12357.908249441067,12527.810748624648,144957
2025-07-01,12532.8076171875,12567.787542753813,12417.873576041044,12457.850633831114,179768
2025-07-02,11983.1220703125,12497.826646310077,11888.176566002268,12477.83811908687,278508
2025-07-03,12314.5556640625,12359.535778095196,11859.756733287464,11889.743475975929,198108
2025-07-04,12199.607421875,12319.554401852467,12194.609631042606,12274.574284360917,86120
2025-07-07,12149.62890625,12239.589136736426,12114.644372171946,12224.595764988688,195268
2025-07-08,12184.61328125,12189.611071767331,12049.672937282097,12159.624328663353,453908
2025-07-09,12174.6181640625,12294.565141048337,12124.640256985067,12284.569559632851,473115
2025-07-10,12214.6005859375,12329.549773121036,12209.602795190389,12229.593958178832,826385
2025-07-11,12194.6103515625,12269.577218477843,12089.65673788102,12189.61256043481,302060
2025-07-14,12279.572265625,12289.5678474448,12104.64958377849,12104.64958377849,164255
2025-07-15,12159.625,12304.56093300452,12119.642673653925,12289.567560624744,357035
2025-07-16,12179.6162109375,12254.583073130387,12109.647139557474,12134.63609362177,123086
2025-07-17,12169.6201171875,12219.598023212911,12074.66209573922,12194.609070200206,128390
2025-07-18,12284.5693359375,12284.5693359375,12119.642245585206,12239.589220386873,522552
2025-07-21,12244.5869140625,12289.567029257016,12179.61563655931,12209.602380022321,121010
2025-07-22,12149.62890625,12229.593555571268,12049.673094598416,12209.602393240952,156871
2025-07-23,12074.662109375,12204.60466518781,12069.664318766814,12194.60908397144,131762
2025-07-24,12069.6650390625,12184.614229910714,11984.70259365295,12079.66062087539,132882
2025-07-25,12184.61328125,12184.61328125,12044.675146764766,12089.655261420734,236922
2025-07-28,12109.646484375,12239.5890384789,12074.661950577796,12204.604504681696,161353
2025-07-29,12184.61328125,12184.61328125,12059.668518316756,12109.646423490054,181072
2025-07-30,12269.576171875,12329.549660291497,12062.27425604655,12174.61814854888,230776
2025-07-31,12304.5615234375,12589.435612322934,12084.658717982078,12359.537224801355,320236
2025-08-01,12324.5517578125,12324.5517578125,12179.61582878713,12279.571641908075,312036
2025-08-04,12109.646484375,12419.509498007377,12094.653112747626,12384.524964210173,825464
2025-08-05,12244.5869140625,12244.5869140625,12104.648777901786,12154.626683673469,229112
2025-08-06,12119.642578125,12309.558626771906,12099.651415109536,12309.558626771906,285362
2025-08-07,11784.7900390625,12139.633165768792,11764.79887699454,12139.633165768792,393731
2025-08-08,11724.8173828125,11829.770991098545,11584.879238431107,11779.793082390905,493441
2025-08-11,11729.814453125,11794.785730453772,11674.838756923733,11709.823290869994,261211
2025-08-12,11679.837890625,11834.769415917843,11604.871023547817,11824.773833640886,204977
2025-08-13,11799.783203125,11819.774364841434,11694.829604113722,11694.829604113722,264341
2025-08-14,11849.76171875,11894.741834932518,11774.794858445803,11854.759509436946,212505
2025-08-15,11749.806640625,11934.724907619098,11724.817685625798,11934.724907619098,260848
2025-08-18,11774.794921875,11879.748526866246,11719.819224022443,11829.770619727557,168496
2025-08-19,12124.6396484375,12124.6396484375,11804.781059195951,11829.770011480447,388229
2025-08-20,12249.5849609375,12274.573914346185,12044.67554298628,12044.67554298628,386002
2025-08-21,12194.6103515625,12329.550712010117,12190.13674282457,12299.56396524398,156283
2025-08-22,12224.5966796875,12254.583425426717,12094.65411481756,12169.620979165602,419562
2025-08-26,12199.607421875,12259.580911863733,12056.449998457556,12164.622886048239,213769
2025-08-27,12189.611328125,12289.56714057375,12089.655515676252,12214.600281237188,494541
2025-08-28,12019.6875,12234.592515592516,11974.707380457381,12219.599142411642,127711
2025-08-29,11949.716796875,12069.663765977886,11894.741102702845,12024.683652564305,215894
2025-09-01,11874.7509765625,11994.697956123737,11834.768650042088,11959.713420418377,78715
2025-09-02,11644.8525390625,11929.72661405244,11604.870212748121,11909.735450895252,290989
2025-09-03,11824.7724609375,11829.7702514958,11609.867466930606,11639.854210280404,228332
2025-09-04,12094.6533203125,12189.611342248838,11829.7704170164,11849.761579529313,159083
2025-09-05,12194.6103515625,12339.546294265498,12074.27486432826,12109.647902391778,172661
2025-09-08,12259.580078125,12339.544726005148,12168.728641697402,12249.584497139982,204112
2025-09-09,12164.623046875,12314.556773829088,12149.62967417959,12309.55898293062,146337
2025-09-10,11944.7197265625,12210.402083915407,11859.75728499281,12169.620307188154,208128
2025-09-11,12114.6455078125,12114.6455078125,11899.740492616156,11979.705149433401,744566
2025-09-12,12054.671875,12134.63653088723,12034.680711028192,12104.64978492952,134886
2025-09-15,12064.6669921875,12109.647109391182,11999.695711782182,12109.647109391182,746746
2025-09-16,11969.708984375,12159.625035066545,11914.733285490605,12084.658172951462,519162
2025-09-17,11994.697265625,12094.653076171875,11959.712731933594,12044.675170898438,478978
2025-09-18,11569.8857421875,11680.85134029817,11195.051430885529,11295.007247232721,595068
2025-09-19,11864.7548828125,11914.732788805813,11609.867562246605,11634.85651524326,595910
2025-09-22,11904.7373046875,12019.686489409503,11809.779282525846,11829.770445086195,186965
2025-09-23,12039.677734375,12049.673315723589,11906.536395585601,11979.704246283469,308186
2025-09-24,12024.68359375,12119.641610491999,11884.745463814423,12044.674755169368,246407
2025-09-25,12024.68359375,12129.637191201684,11934.723367362843,12019.685803395158,94278
2025-09-26,12184.61328125,12229.59339590597,11989.342187142627,12009.690613143459,166255
2025-09-29,12314.5556640625,12314.5556640625,12134.635207931717,12209.602064652876,192418
2025-09-30,12369.5322265625,12444.499088541666,12194.60954861111,12309.558736979166,713441
2025-10-01,12344.54296875,12384.525294154859,12239.589364562247,12349.540759425608,185027
2025-10-02,12429.505859375,12429.505859375,12214.600852558304,12394.521323381585,421220
2025-10-03,12424.5078125,12461.291357217484,12339.545369695294,12444.498975512872,778325
2025-10-06,12439.501953125,12499.475445868069,12364.535087196162,12394.521833567698,221819
2025-10-07,12404.5166015625,12434.503345965955,12349.5409034895,12434.503345965955,129588
2025-10-08,12554.4501953125,12554.4501953125,12384.525312095691,12409.514265509928,170673
2025-10-09,12499.474609375,12639.412749743853,12394.521004098362,12614.423796106557,293323
2025-10-10,12459.4921875,12624.419280234657,12459.4921875,12564.44579196751,174326
2025-10-13,12379.52734375,12489.478737194691,12319.553856416533,12444.498621694589,846870
2025-10-14,12629.41796875,12629.41796875,12344.543879229324,12349.541670273546,205558
2025-10-15,12849.3203125,13044.860832333648,12619.421932735317,12729.37333175321,291071
2025-10-16,13104.20703125,13104.20703125,12764.35726842582,12854.317499761632,357930
2025-10-17,13214.158203125,13214.158203125,12969.266466380248,13004.251000200928,945317
2025-10-20,13074.220703125,13286.67659432458,13074.220703125,13214.158845207377,491245
2025-10-21,12944.2783203125,13129.196582031249,12944.2783203125,13119.201000316722,224224
2025-10-22,13234.1494140625,13314.114063090068,12971.08309389306,12999.25325754402,319110
2025-10-23,13149.1865234375,13279.928524886769,13069.221877152817,13279.129073650109,186303
2025-10-24,13429.0634765625,13429.0634765625,13179.173944062268,13224.15405991231,239459
2025-10-27,13404.07421875,13569.001306452741,13404.07421875,13549.010144306954,215688
2025-10-28,13399.0771484375,13454.052847293455,13174.176562208599,13379.085985217152,563763
2025-10-29,14573.5576171875,14593.548779899691,13983.818317177855,14368.648199387539,483123
2025-10-30,14513.583984375,14573.55747191374,14268.692243591813,14503.588403118543,526831
2025-10-31,14293.681640625,14543.571179796765,14228.71036044034,14543.571179796765,305529
2025-11-03,14303.6767578125,14483.597220174921,14258.696642221894,14283.685595327786,484111
2025-11-04,14178.7314453125,14303.676206021986,14008.806570747598,14188.72702616926,1255079
2025-11-05,14368.6474609375,14416.126469938858,14143.746891983696,14148.744682404891,298850
2025-11-06,14383.640625,14433.618528492008,14288.682608365185,14358.651673253997,495734
2025-11-07,14278.6884765625,14428.62220225269,14173.734868579368,14403.633247970993,102523
2025-11-10,14468.6044921875,14538.573563997734,14198.723786633744,14293.681812661918,151277
2025-11-11,14573.5576171875,14633.531105324073,14353.654827353394,14608.542151933834,119849
2025-11-12,14198.7236328125,14548.568988073632,14183.730260444165,14518.582243336963,326533
2025-11-13,14263.6953125,14343.659967370357,14178.732866700246,14233.708566923617,406126
2025-11-14,14133.751953125,14243.70334738552,13938.838117844987,14243.70334738552,132474
2025-11-17,13813.8935546875,14158.74111448252,13813.8935546875,14108.76320726585,592584
2025-11-18,13818.892578125,13828.888160459992,13663.961051932642,13688.950007770118,159771
2025-11-19,13818.892578125,13903.855027972424,13768.914666450046,13818.892578125,122655
2025-11-20,13863.8720703125,13958.830098191353,13823.889742784562,13908.85218878143,186587
2025-11-21,13918.8466796875,13973.822375729354,13738.926219914161,13738.926219914161,343323
2025-11-24,13693.9462890625,13993.81372604927,13692.576777297876,13973.822563583484,692873
2025-11-25,13918.8466796875,13943.835632433796,13663.95936167527,13858.873193096386,492203
2025-11-26,14113.7607421875,14148.745276605103,13728.930863593861,13933.840279468395,571705
2025-11-27,14108.763671875,14198.723907827445,14068.781344785026,14183.730535168705,227729
2025-11-28,14113.7607421875,14173.734229760536,14063.782835876638,14173.734229760536,124218
2025-12-01,14093.76953125,14093.76953125,13948.833603446365,14058.78499695257,176600
2025-12-02,14113.7607421875,14158.740857867277,14003.809348303603,14093.769579663156,780502
2025-12-03,14283.6865234375,14328.666641950775,13943.836739114984,14178.732913573194,182971
2025-12-04,14194.5888671875,14299.548855289942,14039.647932369608,14189.590772515954,258101
2025-12-05,14069.63671875,14254.56622446714,14044.64624500444,14144.608139986678,99310
2025-12-08,13929.6904296875,14134.612319754666,13884.707575770319,14084.631370957795,1216378
2025-12-09,13659.7939453125,13989.668222806326,13624.807279517701,13964.677747238613,475617
2025-12-10,13574.826171875,13694.780453217047,13559.831886707245,13599.816647154594,332284
2025-12-11,13569.8271484375,13604.813811435313,13434.87859116022,13604.813811435313,155463
2025-12-12,13364.9052734375,13643.41629202307,13274.939568530292,13589.819535705521,174210
2025-12-15,13404.890625,13489.858238954139,13119.999213506711,13364.90586549217,161000
2025-12-16,13384.8984375,13474.86414768484,13294.932727315161,13439.877482612957,795150
2025-12-17,13414.88671875,13564.829565829918,13354.909579918032,13544.837186219262,1544154
2025-12-18,13639.80078125,13659.793160555606,13429.880798541133,13494.856031284353,113801
2025-12-19,13614.810546875,13704.776255334527,13564.829597730819,13629.804831618254,450538
2025-12-22,13604.814453125,13639.801117773006,13514.848744030125,13594.818263225568,113823
2025-12-23,13584.8212890625,13739.762223558797,13574.825099740157,13654.794614318893,165461
2025-12-24,13539.8388671875,13689.781711785368,13524.844582727714,13689.781711785368,22385
2025-12-29,13504.8515625,13609.811548737047,13474.862995003701,13529.842035413583,159301
2025-12-30,13644.798828125,13644.798828125,13449.873130580358,13464.86741500687,211671
2025-12-31,13674.7880859375,13729.767131604647,13544.83761436061,13729.767131604647,69603
2026-01-02,13529.8427734375,13704.776093374816,13484.859919739334,13694.779903664112,138328
2026-01-05,13584.8212890625,13679.785087624747,13204.966094813512,13589.81938372367,294623
2026-01-06,14259.564453125,14259.564453125,13794.741637092535,13859.71686944116,386130
2026-01-07,14274.55859375,14396.542367447124,14046.352616231581,14144.60813036152,656143
2026-01-08,14259.564453125,14284.55492710524,14139.610178019848,14284.55492710524,584965
2026-01-09,14329.5380859375,14404.509509477459,14254.566662397541,14339.534275742828,2132742
2026-01-12,14424.501953125,14544.456231321466,14314.54386477824,14484.479092223233,485303
2026-01-13,14179.5947265625,14499.472788776106,14104.623305731186,14429.49946266688,776534
2026-01-14,14044.646484375,14229.575993243996,14044.646484375,14229.575993243996,542502
2026-01-15,13954.681640625,14114.62068521669,13939.687355194528,14034.651162920845,827751
2026-01-16,13758.3056640625,13758.3056640625,13473.340757503065,13523.334600759106,999648
2026-01-19,13948.2822265625,13973.279148115478,13753.30623844926,13828.297003108199,433784
2026-01-20,13693.3134765625,13953.2814578627,13693.3134765625,13923.285152328062,1928991
2026-01-21,13623.322265625,13803.30010106078,13583.327191083716,13698.313030389909,580956
2026-01-22,13488.3388671875,13783.302541451423,13423.346871163247,13658.317933712473,295594
2026-01-23,13438.3447265625,13624.647950464061,13403.34903717041,13413.34780556815,433806
2026-01-26,13438.3447265625,13608.32378932408,13413.34780556815,13498.33733694894,187214
2026-01-27,13553.3310546875,13655.801834962887,13368.353832620573,13413.348292042258,189532
2026-01-28,13588.326171875,13768.304001966058,13488.338488491077,13598.324940213392,631178
2026-01-29,13233.3701171875,13595.239610174083,13213.372580176261,13568.328862125756,399413
2026-01-30,13263.3662109375,13283.363747629452,13163.378527477738,13218.371753380607,158796
2026-02-02,13443.3447265625,13443.3447265625,13238.369965019523,13243.369349447401,888389
2026-02-03,12798.423828125,13453.343172454834,12708.434910583495,13423.346866607666,398230
2026-02-04,12963.4033203125,13008.397778423881,12788.424872101572,12828.419945978356,359756
2026-02-05,12818.4208984375,13140.88117454874,12778.425825431455,13058.391336473773,392593
2026-02-06,12898.4111328125,13003.398200172602,12768.427144652374,12828.419754572433,185574
2026-02-09,12763.427734375,12923.408027167792,12693.436356278153,12893.411722269144,298665
2026-02-10,12763.427734375,12918.408643018018,12748.429581925677,12813.421575872748,444833
2026-02-11,12723.4326171875,12823.420299837304,12658.440623465127,12738.43076958497,433511
2026-02-12,12738.431640625,12913.410097226992,12628.445182189464,12808.423023265797,632872
2026-02-13,12733.431640625,12803.42301988246,12633.443955971487,12748.429793323028,921926
2026-02-16,12788.4248046875,12843.41803097818,12728.432194188576,12763.427883646282,430792
2026-02-17,12993.3994140625,12993.3994140625,12788.424663782946,12788.424663782946,261125
2026-02-18,13018.396484375,13073.389710691485,12895.321800109465,12988.400179111462,361310
2026-02-19,12988.400390625,13220.659872236098,12888.41270478493,13073.389923589059,292878
2026-02-20,12978.4013671875,13043.393361707314,12898.411220086191,12953.404446218341,667609
2026-02-23,13128.3828125,13148.380349152703,12918.40867764661,12983.400671767897,188863
2026-02-24,13258.3671875,13368.353642298265,13115.91988661408,13173.377654246795,589815
2026-02-25,13288.36328125,13408.348502751129,13068.390375164598,13228.370670499437,402501
2026-02-26,13263.3662109375,13328.358205186345,13168.377911650725,13288.36313180244,1446099
2026-02-27,13518.3349609375,13519.686356987473,13293.362670537283,13318.359591692863,609182
2026-03-02,13233.3701171875,13233.3701171875,13063.391052591967,13278.364575462789,310428
2026-03-03,12958.404296875,13223.3716686861,12883.413531268085,13218.372284312307,396589
2026-03-04,13333.357421875,13348.355574205569,12988.399918271936,13153.379593908185,488368
2026-03-05,13243.369140625,13463.34205198306,13228.37098757786,13333.358058907843,1170563
2026-03-06,13023.396484375,13338.357704534548,12843.418644283829,13308.361397852686,222876
2026-03-09,12763.427734375,12868.41480152027,12683.437587978604,12818.420960022522,634097
2026-03-10,12778.42578125,12968.40237737187,12778.42578125,12883.412847527876,379365
2026-03-11,12778.42578125,12893.411615744817,12713.433787839887,12768.42701303306,619979
2026-03-12,12763.427734375,12838.418496621622,12633.443746480856,12708.434508727478,273378
2026-03-13,12843.41796875,12898.411194774231,12613.446296285032,12673.438906493284,168406
2026-03-16,12863.416015625,12938.406781359308,12803.423403037554,12938.406781359308,340824
2026-03-17,12798.423828125,12983.401047515868,12798.423828125,12958.404125976562,442235
2026-03-18,12668.439453125,12878.413587707182,12538.455465050316,12858.416051080307,314485
2026-03-19,12203.4970703125,12613.446582711364,12138.505074444389,12563.452739735892,524864
2026-03-20,12128.505859375,12408.471369731553,11978.524335969703,12293.485535120826,853902
2026-03-23,12003.521484375,12313.483305295971,11787.834184144866,11963.526410707778,301791
2026-03-24,12038.517578125,12103.509575016871,11918.532353093853,12023.519424996106,446209
2026-03-25,12033.517578125,12293.48555239276,12033.517578125,12228.493558825821,450605
2026-03-26,12538.4560546875,12858.416655764055,12498.46097955293,12598.448667389353,415991
2026-03-27,12383.474609375,12563.452439789817,12263.489389098457,12563.452439789817,982972
2026-03-30,12473.4638671875,12573.45155349762,12303.484800460295,12328.481722037825,782157
2026-03-31,12673.439453125,12708.435143922585,12433.469001941568,12443.46777074088,501185
2026-04-01,12968.4033203125,12973.40270478448,12728.432865657527,12783.426094849292,1171452
2026-04-02,12948.4052734375,12958.404041988417,12733.431749592784,12918.40896778475,747303
2026-04-07,12708.4345703125,13018.39638910061,12708.4345703125,12928.407473968578,724310
2026-04-08,13313.3603515625,13468.341264404571,12943.40591445562,13083.388674442007,370427
2026-04-09,13433.345703125,13453.343240457527,13238.369714132863,13328.358632129233,221959
2026-04-10,13418.34765625,13613.323646784183,13369.139848542818,13393.350734386644,378190
2026-04-13,13353.35546875,13445.225013939713,13223.371476916418,13383.35177455775,1098455
2026-04-14,13498.337890625,13508.33665943287,13338.357589699075,13468.34158420139,410310
2026-04-15,13388.3515625,13548.331864964526,13358.355255787903,13498.338020444362,464297
2026-04-16,13433.345703125,13588.326617452085,13378.352475460551,13383.351859793684,379108
2026-04-17,13438.3447265625,13438.3447265625,13178.37674822126,13398.349652971541,478891
2026-04-20,13503.3369140625,13543.331988224847,13213.372626385482,13243.368932007243,688607
2026-04-21,13458.3427734375,13613.492613987903,13433.345851495751,13558.330461204496,443235
2026-04-22,13363.3544921875,13523.509576045035,13298.362495031331,13473.340948913323,589116
2026-04-23,13148.380859375,13268.366083947243,13099.618309489639,13258.36731523289,608798
2026-04-24,13248.3681640625,13283.363853552477,13048.392795548349,13118.384174528303,383041
2026-04-27,13263.3662109375,13358.354510224275,13178.376679996702,13313.360052667382,793101
2026-04-28,13338.357421875,13403.349418308424,13148.380816915762,13203.37404466712,318212
2026-04-29,12943.40625,13303.361927867903,12808.422870799537,13303.361927867903,886465
2026-04-30,12943.40625,12998.399478563153,12743.430873406722,12893.41240585168,1150060
2026-05-01,13003.3984375,13008.39782175125,12728.432303681277,12888.412599721261,1247000
2026-05-05,12623.4453125,13130.88281714109,12623.4453125,12968.402827970298,1658991
2026-05-06,13173.3779296875,13173.3779296875,12483.462880618477,12793.424714258183,678227
2026-05-07,13193.375,13358.354679802957,13108.385467980295,13163.37869458128,297996
2026-05-08,13188.3759765625,13283.364279653739,13098.387057844486,13148.380901576716,308968
2026-05-11,12863.416015625,13203.37415362053,12813.422171802129,13143.381541033084,617294
2026-05-12,12443.4677734375,12808.422834691391,12443.4677734375,12808.422834691391,892729
2026-05-13,12493.4609375,12503.459705757303,12242.985934001286,12388.47387079832,733216
2026-05-14,12628.4443359375,12678.438177330761,12553.45357384761,12563.452342126262,164616
2026-05-15,12453.4658203125,12553.453502530987,12353.478138094013,12518.457813754516,387231
2026-05-18,12633.4443359375,12693.436948533958,12388.474501168628,12388.474501168628,592345
2026-05-19,12813.421875,12993.399708593444,12638.44342567304,12713.434189670308,532730
2026-05-20,12953.404296875,13043.393211326465,12718.883382334649,12793.424004516837,434677
2026-05-21,13053.392578125,13093.387653048401,12881.567057389018,12883.413509700546,430233
2026-05-22,13093.3876953125,13168.37846103594,13008.398160825935,13068.390773404686,260362
2026-05-26,13103.3857421875,13248.3678812655,13093.386973975224,13198.37404020412,637646
2026-05-27,13198.3740234375,13258.366632634943,13051.080645839735,13078.388805042612,495685
2026-05-28,13183.3759765625,13213.372281401094,13058.391373068354,13138.381519304607,365707
2026-05-29,13213.373046875,13343.357042039113,13148.381049292944,13183.376740298667,727346
2026-06-01,12898.4111328125,13243.368639852835,12848.417291212452,13213.372334892805,749472
2026-06-02,13153.3798828125,13283.363872532425,12988.400203552594,13048.39281419256,234157
2026-06-03,13328.3583984375,13328.3583984375,12853.416895117334,12853.416895117334,315417
2026-06-04,13528.333984375,13573.60380001787,13237.850226227618,13348.356148662693,284344
2026-06-05,13623.322265625,13713.31118334289,13558.330269495413,13598.325344036697,200996
2026-06-08,13583.3271484375,13673.316065872861,13470.50803483725,13553.330842625714,140056
2026-06-09,13763.3046875,13858.292987195788,13503.336709385218,13503.336709385218,710382
2026-06-10,13968.279296875,14078.265748031496,13718.310089701145,13748.306394562007,272985
2026-06-11,14048.26953125,14323.235660865214,13878.29046930605,13953.28123192838,197703
2026-06-12,14423.2236328125,14423.2236328125,14163.255650522638,14183.253187621858,257393
2026-06-15,14193.251953125,14588.203310749823,14191.83318254888,14453.21993535906,426703
2026-06-16,14178.25390625,14248.245286605254,14088.264988650388,14123.260678828014,147958
2026-06-17,14163.255859375,14328.235542876368,14113.262015889737,14188.252781117631,199270
2026-06-18,14438.2216796875,14458.219216639975,14026.276324235434,14108.262319971649,265076
2026-06-19,14138.2587890625,14428.692746949971,14138.2587890625,14423.223693933985,1239325
2026-06-22,14363.2314453125,14383.228983001762,14073.267148818199,14098.264070929778,148379
2026-06-23,14328.2353515625,14473.217495733928,14218.248897363486,14238.246434490578,199406
2026-06-24,14653.1953125,14678.192233879223,14338.234103121802,14343.233487397647,576086
2026-06-25,14713.1875,14878.167176350662,14673.192426945294,14708.188115868163,239292
2026-06-26,14613.2001953125,14863.169408369504,14453.219898956017,14733.185417579862,195610
2026-06-29,14583.2041015625,14683.191788237595,11693.559956652276,14568.205948561237,193072
2026-06-30,14543.208984375,14698.189898268305,14503.213909821889,14573.205290289832,260358
2026-07-01,14693.1904296875,14693.1904296875,14403.226140840316,14503.21382664969,210554
2026-07-02,14665.0,14745.0,14420.0,14450.0,246850
2026-07-03,14610.0,14655.0,14380.0,14625.0,107367
2026-07-06,14440.0,14663.64453125,14440.0,14610.0,109479
2026-07-07,14555.0,14685.0,14430.0,14535.0,507646
2026-07-08,14270.0,14550.0,14270.0,14535.0,351890
2026-07-09,14535.0,14610.0,14325.0,14465.0,653417
2026-07-10,14640.0,14715.0,14405.0,14535.0,129655
2026-07-13,14760.0,14770.0,14580.0,14635.0,165638
2026-07-14,14630.0,14695.0,14505.0,14655.0,178132
2026-07-15,14765.0,14765.0,14510.0,14580.0,550725
2026-07-16,15005.0,15005.0,14630.0,14655.0,148230
2026-07-17,14875.0,15105.0,14825.0,14985.0,155944
2026-07-20,14865.0,14935.0,14775.0,14810.0,35705
